artist_name,artist_followers,artist_genres,artist_popularity,track_name,album_name,release_date,track_duration,track_popularity
James Arthur,19290758,"pop, talent show, uk pop",82,A Thousand Years,A Thousand Years,2023-03-24,254,68
Daniela Andrade,409677,"canadian contemporary r&b, folk-pop",58,La Vie En Rose,La Vie En Rose,2015-01-28,105,59
Music Travel Love,1020915,canadian contemporary country,70,Nothing's Gonna Change My Love for You,Nothing's Gonna Change My Love for You,2024-01-02,202,62
Christina Perri,4005025,pop,73,here comes the sun,songs for rosie,2021-11-24,167,55
Iron & Wine,1127503,"acoustic pop, chamber pop, indie folk, indie rock, stomp and holler",65,Time After Time,Time After Time,2016-10-28,170,62
Noah Guthrie,68740,,44,Set Fire to the Rain - Cover,"The Covers, Vol. 4",2014,233,54
Levent Geiger,176622,singer-songwriter pop,48,Creepin',Creepin',2023-11-10,199,55
Lana Del Rey,42809702,"art pop, pop",92,"Take Me Home, Country Roads","Take Me Home, Country Roads",2023-12-01,166,66
AnnenMayKantereit,2038058,"cologne indie, german singer-songwriter",69,Tom's Diner,Tom's Diner,2019-06-28,269,72
Boyce Avenue,3062444,"acoustic cover, neo mellow, viral pop",69,Too Good at Goodbyes,"Cover Sessions, Vol. 4",2017-12-19,207,53
Jonah Baker,52293,acoustic cover,58,Flowers - Acoustic Version,Flowers (Acoustic Version),2023-02-07,182,53
Sarah Cothran,297216,gen z singer-songwriter,56,As the World Caves In,As the World Caves In,2021-06-10,161,67
Phoebe Bridgers,2663269,"indie pop, la indie, pov: indie",80,So Much Wine,So Much Wine,2022-11-17,243,63
Gregory Alan Isakov,994289,"indie folk, pop folk, stomp and flutter, stomp and holler",73,Salt And The Sea,Amerikinda: 20 Years of Dualtone,2021-08-06,262,2
Conor Maynard,2110282,"post-teen pop, talent show, uk pop, viral pop",65,You Broke Me First,You Broke Me First,2020-10-16,160,36
Ed Sheeran,117932971,"pop, singer-songwriter pop, uk pop",90,Visiting Hours,Visiting Hours,2021-08-19,215,1
Billie Eilish,104092602,"art pop, pop",96,Your Power,Happier Than Ever,2021-07-30,245,73
Kina Grannis,516378,"acoustic pop, viral pop",61,Can't Help Falling In Love,Crazy Rich Asians (Original Motion Picture Soundtrack),2018-08-10,201,64
Olivia Rodrigo,42203840,pop,88,favorite crime,SOUR,2021-05-21,152,81
Music Travel Love,1020915,canadian contemporary country,70,I Want It That Way,I Want It That Way,2021-08-10,191,51
Eden Elf,7734,acoustic cover,52,peaches,acoustic covers vol.2,2021-12-24,192,47
Loi,102140,,57,Blinding Lights,Blinding Lights,2021-09-17,147,59
Daniela Andrade,409677,"canadian contemporary r&b, folk-pop",58,Creep,"Covers, Vol. 1",2013-04-04,214,54
Rosie Carney,60607,"indie folk, irish singer-songwriter",45,High And Dry,The Bends,2020-12-11,232,0
Us The Duo,417711,"folk-pop, viral pop",51,drivers license,drivers license,2021-02-01,228,0
Angus & Julia Stone,1297279,"australian indie folk, indie folk",67,Stay With Me - Live From Spotify Berlin,Spotify Sessions,2015-01-13,174,45
Phoebe Bridgers,2663269,"indie pop, la indie, pov: indie",80,That Funny Feeling,That Funny Feeling,2021-10-04,400,63
Dua Lipa,45222497,"dance pop, pop, uk pop",88,"I'm Not the Only One - Live from Spotify, London",Spotify Session,2016-07-08,195,57
Ryan Montbleau,49847,"boston folk, modern folk rock",47,Fast Car (feat. Tall Heights),All or Nothing / Fast Car,2014-09-30,272,55
Birdy,3720753,"neo mellow, uk pop, viral pop",71,Skinny Love,Birdy,2011-11-07,201,53
Us The Duo,417711,"folk-pop, viral pop",51,Better Together,Better Together,2015-04-28,200,57
John Mayer,6101705,"neo mellow, singer-songwriter",78,"Free Fallin' - Live at the Nokia Theatre, Los Angeles, CA - December 2007",Where the Light Is: John Mayer Live In Los Angeles,2008,263,67
Jake Shimabukuro,86976,ukulele,53,A Place In The Sun (feat. Jack Johnson with Paula Fuga),Why Not,2021-10-14,256,0
Noah Cyrus,1526397,"alt z, pop",75,re: Stacks - Spotify Singles,Spotify Singles,2021-03-11,309,48
Freedom Fry,53503,folk-pop,48,Linger,Linger,2016-11-29,201,53
Sia,29080133,pop,88,Elastic Heart - Piano Version,1000 Forms Of Fear (Deluxe Version),2015-05-04,250,61
Adele,61009632,"british soul, pop, pop soul, uk pop",87,Turning Tables,21,2011-01-19,250,0
Sam Smith,24900100,"pop, uk pop",84,Latch - Acoustic,In The Lonely Hour (Deluxe),2014-07-15,223,0
Eden Elf,7734,acoustic cover,52,falling,acoustic covers vol.1,2021-04-30,145,45
Walk off the Earth,802407,"canadian rock, pop rock",61,The Best,The Best,2021-01-29,176,38
Mike Posner,1423005,"dance pop, pop, pop dance, pop rap",71,I Took A Pill In Ibiza,The Truth,2015-06-22,281,0
Angus & Julia Stone,1297279,"australian indie folk, indie folk",67,Big Jet Plane,Down The Way,2010-03-12,239,59
Adam Levine,1027437,deep talent show,73,Lost Stars,Lost Stars,2014-06-23,267,51
Keira Knightley,76174,hollywood,46,Lost Stars,Begin Again - Music From And Inspired By The Original Motion Picture,2014-07-01,240,51
Sia,29080133,pop,88,Breathe Me,Six Feet Under: Everything Ends,2002-01-01,271,0
Bon Iver,3751941,"chamber pop, eau claire indie, indie folk, melancholia, modern rock",78,Skinny Love,"For Emma, Forever Ago",2007-07-08,238,0
James Vincent McMorrow,598852,"chamber pop, indie folk, irish singer-songwriter, stomp and holler",59,"Wicked Game - Recorded Live at St Canice Cathedral, Kilkenny","Wicked Game (Recorded Live at St Canice Cathedral, Kilkenny)",2016,271,58
Boyce Avenue,3062444,"acoustic cover, neo mellow, viral pop",69,Fast Car (feat. Kina Grannis),"Cover Collaborations, Vol. 1",2010-12-06,304,0
Jasmine Thompson,874887,viral pop,67,Like I'm Gonna Lose You,Like I'm Gonna Lose You,2015-10-09,232,59
Rudimental,1387899,"pop dance, uk dance, uk funky",71,"These Days (feat. Jess Glynne, Macklemore & Dan Caplen)",Toast to Our Differences (Deluxe Edition),2019-01-25,211,71
Eden Elf,7734,acoustic cover,52,sad,acoustic covers vol.1,2021-04-30,90,43
Ed Sheeran,117932971,"pop, singer-songwriter pop, uk pop",90,Baby One More Time - Recorded at Spotify Studios New York City,Spotify Singles,2017-06-07,177,56
Megan Davies,126397,"acoustic cover, viral pop",51,Summertime Sadness (Acoustic Cover) feat. Keelan Donovan,Summertime Sadness (Acoustic Cover) feat. Keelan Donovan,2014-07-17,231,50
Imagine Dragons,55668981,"modern rock, pop, rock",89,Blank Space/Stand By Me - Live From Spotify London,Imagine Dragons (Spotify Sessions),2015-04-20,303,61
Boyce Avenue,3062444,"acoustic cover, neo mellow, viral pop",69,Photograph,"Cover Sessions, Vol. 4",2017-12-19,260,61
Kacey Musgraves,1516002,"classic texas country, contemporary country, country dawn",78,Apologize (Acoustic Version),Apologize + See You Again (Acoustic),2013-05-09,151,48
John Mayer,6101705,"neo mellow, singer-songwriter",78,XO,XO,2014-05-27,213,64
Maroon 5,43536274,pop,87,Sex And Candy,V (Deluxe),2014-09-02,264,41
Eden Elf,7734,acoustic cover,52,american boy,acoustic covers vol.1,2021-04-30,140,43
Landon Austin,79743,"channel pop, viral pop",49,Hide Away - Acoustic Version,Hide Away,2016-03-11,211,0
James TW,1362439,"british singer-songwriter, uk pop",63,When You Love Someone,Chapters,2019-04-26,216,67
Eden Elf,7734,acoustic cover,52,rockstar,acoustic covers vol.1,2021-04-30,139,42
Johnny Cash,6525419,"arkansas country, outlaw country, rock",76,Personal Jesus,The Legend Of Johnny Cash,2005-01-01,198,0
Kygo,8516243,"edm, pop, pop dance, tropical house",82,Firestone - Live Acoustic Version,Firestone (Live Acoustic Version),2015-01-30,226,52
Alicia Keys,12280872,"neo soul, pop, r&b",80,ocean eyes - Recorded Live at Jungle City Studios,Spotify Singles,2019-12-04,184,54
Megan Davies,126397,"acoustic cover, viral pop",51,Take Me To Church (Acoustic Cover) feat. Matt Wright,Take Me To Church (Acoustic Cover) feat. Matt Wright,2014-08-28,277,47
Hozier,8195970,"irish singer-songwriter, modern rock, pop, pov: indie",86,Say My Name - Recorded at Spotify Studios NYC,Spotify Singles,2019-01-09,267,55
Ed Sheeran,117932971,"pop, singer-songwriter pop, uk pop",90,Candle In The Wind - 2018 Version,Revamp: The Songs Of Elton John & Bernie Taupin,2018-04-06,198,53
Lewis Capaldi,13073608,"pop, uk pop",81,when the party's over - Recorded at Spotify Studios NYC,Spotify Singles,2019-06-12,232,60
Iron & Wine,1127503,"acoustic pop, chamber pop, indie folk, indie rock, stomp and holler",65,Time After Time,Time After Time,2016-10-28,170,0
Bahamas,394496,"canadian indie, indie folk, stomp and holler",59,Don't You Want Me,The Secret Life Of Walter Mitty (Music From And Inspired By The Motion Picture),2013-01-01,199,0
Boyce Avenue,3062444,"acoustic cover, neo mellow, viral pop",69,Titanium,"New Acoustic Sessions, Vol. 4",2012-07-20,227,0
Eden Elf,7734,acoustic cover,52,save your tears,acoustic covers vol.1,2021-04-30,143,43
Kina Grannis,516378,"acoustic pop, viral pop",61,Chandelier,Chandelier,2014-10-29,212,48
The Highwomen,156624,new americana,49,Highwomen,The Highwomen,2019-09-06,212,54
SYML,850800,modern indie pop,74,Where's My Love,Where's My Love,2017-07-07,202,0
Fancy Cars,10087,"pop edm, progressive electro house",33,I'll Follow - Acoustic Version,I'll Follow (Acoustic Version),2017-04-21,198,43
Junge Junge,66008,tropical house,45,I Don't Love You (I'm Just Lonely) - Acoustic,I Don't Love You (I'm Just Lonely) [Acoustic],2017-07-07,183,43
New Portals,1833,indie electropop,30,Change of Mind - Acoustic,Change of Mind (Acoustic),2018-05-30,183,43
Hollow Coves,737930,"indie anthem-folk, indie folk, modern indie folk",69,Coastline,Coastline,2016-11-18,233,0
Jade Bird,166347,"folk-pop, uk americana",44,Does Anybody Know,Jade Bird,2019-04-19,207,0
Timeflies,317918,indie pop rap,49,Raincoat - Acoustic,Raincoat (Acoustic),2017-10-24,215,0
Eden Elf,7734,acoustic cover,52,cry me a river,acoustic covers vol.1,2021-04-30,178,42
The Lumineers,5570887,"folk-pop, modern rock, neo mellow, stomp and holler",79,Gloria,III,2019-09-13,216,11
Thomas Daniel,25240,acoustic cover,46,What About Us - Acoustic,What About Us (Acoustic),2017-09-01,255,53
Sarah Jarosz,157916,"ectofolk, folk, indie folk, new americana, progressive bluegrass",51,I Still Haven't Found What I'm Looking For,I Still Haven't Found What I'm Looking For / my future,2021-01-29,212,52
Scott Bradlee's Postmodern Jukebox,1143567,"jazz cover, swing",61,Creep,Emoji Antique,2015-04-23,283,56
Daulton Hopkins,4166,,35,I Melt with You,I Melt with You,2020-11-20,217,0
Daniela Andrade,409677,"canadian contemporary r&b, folk-pop",58,Crazy in Love,Crazy in Love,2014-03-14,227,52
Adele,61009632,"british soul, pop, pop soul, uk pop",87,Easy On Me,30,2021-11-19,224,82
Lissie,232013,folk-pop,53,Dreams - Piano Version,Dreams (Piano Version),2019-03-01,274,0
Dermot Kennedy,1582930,"folk-pop, irish pop, uk pop",71,Days Like This,Without Fear (The Complete Edition),2020-11-06,149,0
Aaron Krause,9985,channel pop,41,Every Breath You Take (feat. Liza Anne),Every Breath You Take (feat. Liza Anne),2013-11-22,223,1
Molly Parden,22481,"indie folk, new americana",43,Landslide,Why Worry: A Collection of Covers,2019-06-28,245,48
Roses & Frey,13887,acoustic cover,47,Wake Me Up,Wake Me Up,2018-01-05,196,52
Rhys Lewis,388271,uk pop,55,July - Bedroom Session,July (Bedroom Session),2020-11-06,210,44
Eden Elf,7734,acoustic cover,52,Revenge (XXXTENTACION),Revenge (XXXTENTACION),2021-03-19,112,42
Tom Speight,65561,channel pop,47,Save Tonight,Save Tonight,2020-02-07,270,0
Aloe Blacc,728335,"pop soul, r&b",65,Wake Me Up - Acoustic,Lift Your Spirit,2013-01-01,225,57
Elton John,14167109,"glam rock, mellow gold, piano rock, rock",86,Cold Heart - Acoustic,Cold Heart (Acoustic),2021-10-12,195,57
Pierre Garnier,260722,french pop,66,Ceux qu'on était,Ceux qu'on était,2024-02-07,174,60
Benson Boone,4145837,singer-songwriter pop,85,Beautiful Things,Beautiful Things,2024-01-18,180,85
Sabrina Carpenter,16556616,pop,94,Espresso,Espresso,2024-04-12,175,89
Carbonne,179048,,64,Imagine,Imagine,2024-05-03,165,71
KAROL G,52990619,"reggaeton, reggaeton colombiano, urbano latino",91,Si Antes Te Hubiera Conocido,Si Antes Te Hubiera Conocido,2024-06-21,195,92
Sevdaliza,762618,"alternative r&b, persian electronic",76,Alibi (with Pabllo Vittar & Yseult),Alibi (with Pabllo Vittar & Yseult),2024-06-28,161,84
Jérémy Frerot,142986,"french pop, variete francaise",59,Adieu,Adieu,2024-04-22,184,53
GIMS,5279132,"french hip hop, pop urbaine, r&b francais, rap conscient",81,SPIDER,SPIDER,2024-05-10,188,73
Billie Eilish,104092602,"art pop, pop",96,BIRDS OF A FEATHER,HIT ME HARD AND SOFT,2024-05-17,210,96
Coldplay,55432542,"permanent wave, pop",91,WE PRAY,Moon Music (Full Moon Edition),2024-10-03,233,71
Kendji Girac,2116508,french pop,65,Si seulement...,Si seulement...,2024-08-29,177,66
Indochine,1184004,"chanson, french pop, french rock, french synthpop",63,Le chant des cygnes - Single Version,Le chant des cygnes,2024-06-14,217,57
Lady Gaga,33441022,"art pop, dance pop, pop",92,Die With A Smile,Die With A Smile,2024-08-16,251,99
Kavinsky,987464,filter house,66,Nightcall,Nightcall,2024-09-20,179,73
Pierre Garnier,260722,french pop,66,Chaque seconde (feat. M. Pokora),Chaque seconde (feat. M. Pokora),2024-09-20,165,67
Louane,1445965,french pop,64,la pluie,la pluie,2024-06-27,161,63
Myles Smith,853757,singer-songwriter pop,80,Stargazing,Stargazing,2024-05-10,172,87
Hozier,8195970,"irish singer-songwriter, modern rock, pop, pov: indie",86,Too Sweet,Unheard,2024-03-22,251,78
Joseph Kamel,55976,french pop,55,Beau (feat. Julien Doré),Miroirs,2023-10-27,176,58
Stéphane,17207,french pop,45,Ma chérie,Ma chérie,2024-01-26,181,48
CYRIL,307489,,80,Stumblin' In,Stumblin' In,2023-11-10,213,83
Dua Lipa,45222497,"dance pop, pop, uk pop",88,Training Season,Training Season,2024-02-15,209,74
Slimane,1752437,french pop,66,Résister (What about Peace?),Résister (What about Peace?),2024-06-13,190,58
Jérémy Frerot,142986,"french pop, variete francaise",59,Gamins des sables,Gamins des sables,2024-07-26,179,54
Dasha,273166,,76,Austin (Boots Stop Workin'),Austin (Boots Stop Workin'),2023-11-17,171,62
Benson Boone,4145837,singer-songwriter pop,85,Slow It Down,Slow It Down,2024-03-21,161,71
Jeck,47549,french pop,57,Sans toi,Sans toi,2024-03-22,181,38
Vianney,1436936,"chanson, french pop",64,Je suis fou,à 2 à 3,2023-11-10,226,49
Teddy Swims,3606592,,87,The Door,I've Tried Everything But Therapy (Part 1),2023-09-15,212,85
Måneskin,9949764,"indie rock italiano, italian pop",80,VALENTINE,RUSH! (ARE U COMING?),2023-11-10,216,64
Pierre Garnier,260722,french pop,66,Nous on sait,Nous on sait,2024-05-17,182,61
Lara Fabian,890391,,59,Ta peine,Ta peine,2024-01-26,164,45
Imagine Dragons,55668981,"modern rock, pop, rock",89,Eyes Closed,Eyes Closed,2024-04-03,200,64
Dua Lipa,45222497,"dance pop, pop, uk pop",88,Houdini,Houdini,2023-11-09,185,58
Helena,78630,french pop,60,Summer Body,Pas de seum pour le summer,2024-06-21,179,66
Joseph Kamel,55976,french pop,55,Ton regard,Ton regard,2024-05-31,153,57
Kungs,963625,"edm, pop dance, uk dance",70,All Night Long,All Night Long,2024-01-19,178,63
P!nk,17420888,"dance pop, pop",81,All Out Of Fight,TRUSTFALL (Tour Deluxe Edition),2023-11-30,212,60
SANTA,144706,french pop,62,Recommence-moi,Recommence-moi,2024-03-22,196,3
Coldplay,55432542,"permanent wave, pop",91,feelslikeimfallinginlove - Single Version,feelslikeimfallinginlove,2024-06-21,237,75
Beyoncé,39231083,"pop, r&b",87,TEXAS HOLD 'EM,TEXAS HOLD 'EM,2024-02-11,233,74
Soprano,3558991,"french hip hop, french pop, rap marseille",66,Facile à danser,Facile à danser,2024-05-03,193,46
Celestal,2292,,32,Beautiful Lie,Beautiful Lie,2023-08-25,148,39
Mark Ambor,552582,singer-songwriter pop,77,Belong Together,Belong Together,2024-02-16,148,80
Hoshi,754941,"chanson, french pop, variete francaise",64,Puis t'as dansé avec moi,Cœur parapluie,2023-09-01,217,59
Loreen,1151669,europop,70,Is It Love,Is It Love,2023-10-13,143,65
Aden Foyer,39524,,54,Galileo Galilei,The Ballet Girl,2023-09-08,199,45
Vitaa,1331303,"french pop, r&b francais",64,Promets-moi,Charlotte,2023-10-06,188,6
Dua Lipa,45222497,"dance pop, pop, uk pop",88,Illusion,Radical Optimism,2024-05-03,188,76
ROSÉ,8905940,k-pop,90,APT.,APT.,2024-10-18,169,97
Olivia Rodrigo,42203840,pop,88,drivers license,drivers license,2021-01-08,242,18
The Weeknd,96449542,"canadian contemporary r&b, canadian pop, pop",96,Save Your Tears (with Ariana Grande) (Remix),Save Your Tears (Remix),2021-04-23,191,75
Doja Cat,32188568,"dance pop, pop",87,Kiss Me More (feat. SZA),Kiss Me More (feat. SZA),2021-04-09,208,71
Lil Nas X,12403081,lgbtq+ hip hop,76,MONTERO (Call Me By Your Name),MONTERO (Call Me By Your Name),2021-03-31,137,68
SZA,25205028,"pop, r&b, rap",93,Good Days,Good Days,2020-12-25,279,73
Olivia Rodrigo,42203840,pop,88,deja vu,deja vu,2021-04-01,215,9
Justin Bieber,79521536,"canadian pop, pop",92,Peaches (feat. Daniel Caesar & Giveon),Justice,2021-03-19,198,77
Doja Cat,32188568,"dance pop, pop",87,Woman,Planet Her,2021-06-25,172,81
Dua Lipa,45222497,"dance pop, pop, uk pop",88,Levitating (feat. DaBaby),Levitating (feat. DaBaby),2020-10-01,203,65
Bruno Mars,64329544,"dance pop, pop",96,Leave The Door Open,Leave The Door Open,2021-03-05,242,6
Adele,61009632,"british soul, pop, pop soul, uk pop",87,Easy On Me,Easy On Me,2021-10-14,224,77
Billie Eilish,104092602,"art pop, pop",96,Happier Than Ever,Happier Than Ever,2021-07-30,298,81
Ariana Grande,102039011,pop,96,34+35,Positions,2020-10-30,173,74
Olivia Rodrigo,42203840,pop,88,good 4 u,good 4 u,2021-05-14,178,15
Måneskin,9949764,"indie rock italiano, italian pop",80,Beggin',Chosen,2017-12-08,211,81
The Kid LAROI,5944181,australian hip hop,85,STAY (with Justin Bieber),STAY (with Justin Bieber),2021-07-09,141,77
Ed Sheeran,117932971,"pop, singer-songwriter pop, uk pop",90,Bad Habits,Bad Habits,2021-06-25,231,6
Taylor Swift,128480167,pop,100,willow,evermore,2020-12-11,214,73
BTS,77196288,"k-pop, k-pop boy group, pop",87,Butter,Butter,2021-05-21,164,1
Giveon,4233116,r&b,78,Heartbreak Anniversary,TAKE TIME,2020-03-27,198,79
Ariana Grande,102039011,pop,96,pov,Positions,2020-10-30,201,72
Kali Uchis,8250139,colombian pop,86,telepatía,Sin Miedo (del Amor y Otros Demonios) ∞,2020-12-04,160,81
Masked Wolf,758049,australian hip hop,64,Astronaut In The Ocean,Astronaut In The Ocean,2021-01-06,132,69
Drake,94383636,"canadian hip hop, canadian pop, hip hop, pop rap, rap",96,Fair Trade (with Travis Scott),Certified Lover Boy,2021-09-03,291,77
Måneskin,9949764,"indie rock italiano, italian pop",80,I WANNA BE YOUR SLAVE,Teatro d'ira - Vol. I,2021-03-19,173,80
Doja Cat,32188568,"dance pop, pop",87,Need to Know,Need to Know,2021-06-11,210,54
CKay,1567541,"afro r&b, afrobeats",69,love nwantiti (ah ah ah),CKay The First,2019-08-30,145,74
Olivia Rodrigo,42203840,pop,88,favorite crime,SOUR,2021-05-21,152,81
Taylor Swift,128480167,pop,100,All Too Well (10 Minute Version) (Taylor's Version) (From The Vault),Red (Taylor's Version),2021-11-12,613,79
Coldplay,55432542,"permanent wave, pop",91,My Universe,My Universe,2021-09-24,228,72
LISA,10060029,k-pop,81,MONEY,LALISA,2021-09-10,168,71
Lil Nas X,12403081,lgbtq+ hip hop,76,INDUSTRY BABY (feat. Jack Harlow),MONTERO,2021-09-17,212,72
Kanye West,28455348,"chicago rap, hip hop, rap",93,Hurricane,Donda,2021-08-29,243,31
Justin Bieber,79521536,"canadian pop, pop",92,Hold On,Hold On,2021-03-05,170,63
Rauw Alejandro,25097926,"puerto rican pop, reggaeton, trap latino, urbano latino",94,Todo De Ti,Todo De Ti,2021-05-20,199,70
Doja Cat,32188568,"dance pop, pop",87,You Right,Planet Her,2021-06-25,186,74
Wizkid,6665903,"afrobeats, afropop, azonto, nigerian hip hop, nigerian pop",83,Essence (feat. Justin Bieber & Tems),Essence (feat. Justin Bieber & Tems),2021-08-13,263,58
Billie Eilish,104092602,"art pop, pop",96,Your Power,Your Power,2021-04-29,245,0
Glass Animals,4358650,"gauze pop, indietronica, modern rock, pov: indie, shiver pop",77,Heat Waves,Dreamland,2020-08-07,238,84
Tiësto,7621436,"big room, brostep, dutch edm, edm, house, pop dance, progressive electro house, slap house, trance",84,The Business,The Business,2020-09-16,164,71
Cardi B,24802698,"pop, rap",80,Up,Up,2021-02-05,156,63
Selena Gomez,51422972,"pop, post-teen pop",83,Baila Conmigo (with Rauw Alejandro),Revelación - EP,2021-03-12,186,63
Bad Bunny,87935792,"reggaeton, trap latino, urbano latino",96,Yonaguni,Yonaguni,2021-06-04,206,75
Megan Thee Stallion,10021932,"houston rap, pop, rap, trap queen",83,Body,Good News,2020-11-20,171,66
Doja Cat,32188568,"dance pop, pop",87,Streets,Hot Pink,2019-11-07,226,81
Ariana Grande,102039011,pop,96,positions,Positions,2020-10-30,172,78
Olivia Rodrigo,42203840,pop,88,traitor,SOUR,2021-05-21,229,83
Duncan Laurence,626129,dutch pop,67,Arcade (feat. FLETCHER),Small Town Boy,2020-11-27,187,62
Bella Poarch,1350173,modern alternative pop,64,Build a Bitch,Build a Bitch,2021-05-14,122,65
CJ,254704,nyc rap,63,Whoopty,Whoopty,2020-08-20,123,63
Bad Bunny,87935792,"reggaeton, trap latino, urbano latino",96,DÁKITI,EL ÚLTIMO TOUR DEL MUNDO,2020-11-27,205,75
Maroon 5,43536274,pop,87,Beautiful Mistakes (feat. Megan Thee Stallion),Beautiful Mistakes (feat. Megan Thee Stallion),2021-03-03,227,22
Ed Sheeran,117932971,"pop, singer-songwriter pop, uk pop",90,Shivers,Shivers,2021-09-13,207,15
Lorde,10111771,"art pop, metropopolis, nz pop, pop",78,Solar Power,Solar Power,2021-06-10,192,0
Dua Lipa,45222497,"dance pop, pop, uk pop",88,We're Good,Future Nostalgia (The Moonlight Edition),2021-02-11,165,65
The Kid LAROI,5944181,australian hip hop,85,WITHOUT YOU (with Miley Cyrus),WITHOUT YOU (with Miley Cyrus),2021-04-30,161,61
Taylor Swift,128480167,pop,100,Love Story (Taylor’s Version),Love Story (Taylor’s Version),2021-02-12,235,75
Roddy Ricch,11061782,"melodic rap, rap, trap",80,late at night,late at night,2021-06-04,174,57
Lil Tjay,9305650,"brooklyn drill, melodic rap, nyc rap, rap",80,Calling My Phone,Destined 2 Win,2021-04-02,205,74
Polo G,12140174,"chicago rap, rap",81,RAPSTAR,Hall of Fame,2021-06-11,165,78
Drake,94383636,"canadian hip hop, canadian pop, hip hop, pop rap, rap",96,Girls Want Girls (with Lil Baby),Certified Lover Boy,2021-09-03,221,71
24kGoldn,2255386,"cali rap, pop rap",71,Mood (feat. iann dior),El Dorado,2021-03-26,140,79
Trinidad Cardona,304743,sped up,64,Dinero,Dinero,2018-02-02,160,63
Bad Bunny,87935792,"reggaeton, trap latino, urbano latino",96,LA NOCHE DE ANOCHE,EL ÚLTIMO TOUR DEL MUNDO,2020-11-27,203,73
Justin Bieber,79521536,"canadian pop, pop",92,Anyone,Anyone,2021-01-01,190,63
THE ANXIETY,192594,modern alternative pop,59,Meet Me At Our Spot,THE ANXIETY,2020-03-13,162,71
Ed Sheeran,117932971,"pop, singer-songwriter pop, uk pop",90,Afterglow,Afterglow,2020-12-21,185,66
Black Eyed Peas,8616322,"dance pop, pop, pop rap",81,GIRL LIKE ME,TRANSLATION,2020-11-02,222,65
KAROL G,52990619,"reggaeton, reggaeton colombiano, urbano latino",91,BICHOTA,BICHOTA,2020-10-23,178,64
Myke Towers,17754689,"reggaeton, trap latino, urbano latino",90,Bandido,Bandido,2020-12-10,232,69
Miley Cyrus,25237801,pop,84,Prisoner (feat. Dua Lipa),Prisoner (feat. Dua Lipa),2020-11-20,169,1
The Weeknd,96449542,"canadian contemporary r&b, canadian pop, pop",96,Blinding Lights,After Hours,2020-03-20,200,87
Ariana Grande,102039011,pop,96,test drive,Positions (Deluxe),2021-02-19,122,60
Internet Money,902353,"pop rap, trap",71,Lemonade,"Lemonade (feat. Gunna, Don Toliver & NAV)",2020-08-14,195,19
Harry Styles,33256201,pop,85,Watermelon Sugar,Fine Line,2019-12-13,174,81
Billie Eilish,104092602,"art pop, pop",96,Lost Cause,Lost Cause,2021-06-02,212,0
DJ Snake,8959842,"dance pop, edm, electronic trap, pop, pop dance",79,Selfish Love (with Selena Gomez),Selfish Love (with Selena Gomez),2021-03-04,168,52
Pop Smoke,14805014,"brooklyn drill, hip hop, rap",80,What You Know Bout Love,LOVE,2021-05-14,160,0
BTS,77196288,"k-pop, k-pop boy group, pop",87,Dynamite,BE,2020-11-20,199,2
Joel Corry,443550,"dance pop, pop dance, uk dance",72,Head & Heart (feat. MNEK),Head & Heart (feat. MNEK),2020-07-03,166,73
Saweetie,2411634,"cali rap, trap queen",71,Best Friend (feat. Doja Cat),Best Friend (feat. Doja Cat),2021-01-07,155,64
Drake,94383636,"canadian hip hop, canadian pop, hip hop, pop rap, rap",96,What’s Next,Scary Hours 2,2021-03-05,178,64
ROSÉ,8905940,k-pop,90,On The Ground,R,2021-03-12,168,70
Justin Bieber,79521536,"canadian pop, pop",92,As I Am (feat. Khalid),Justice,2021-03-19,174,60
BTS,77196288,"k-pop, k-pop boy group, pop",87,Permission to Dance,Butter / Permission to Dance,2021-07-09,187,0
Demi Lovato,26886058,"pop, post-teen pop",79,Met Him Last Night (feat. Ariana Grande),Dancing With The Devil…The Art of Starting Over,2021-04-02,204,50
J. Cole,25269526,"conscious hip hop, hip hop, north carolina hip hop, rap",87,m y . l i f e (with 21 Savage & Morray),The Off-Season,2021-05-14,218,71
WILLOW,2779565,"afrofuturism, pop, post-teen pop, pov: indie",72,t r a n s p a r e n t s o u l feat. Travis Barker,t r a n s p a r e n t s o u l feat. Travis Barker,2021-04-27,168,59
Post Malone,46064066,"dfw rap, melodic rap, pop, rap",90,Motley Crew,Motley Crew,2021-07-09,184,67
Farruko,16229155,"reggaeton, trap latino, urbano latino",84,Pepas,Pepas,2021-06-24,287,75
Lil Nas X,12403081,lgbtq+ hip hop,76,THATS WHAT I WANT,MONTERO,2021-09-17,143,73
Lizzo,5709007,"escape room, minnesota hip hop, pop, trap queen",70,Rumors (feat. Cardi B),Rumors (feat. Cardi B),2021-08-13,172,58
Bruno Mars,64329544,"dance pop, pop",96,Skate,Skate,2021-07-30,203,1
Elton John,14167109,"glam rock, mellow gold, piano rock, rock",86,Cold Heart - PNAU Remix,Cold Heart (PNAU Remix),2021-08-13,202,78
Marshmello,33962386,"brostep, edm, pop, progressive electro house",85,Leave Before You Love Me (with Jonas Brothers),Leave Before You Love Me,2021-05-21,154,77
Anitta,12832548,"funk pop, funk rj, pagode baiano, pop, pop nacional",83,Girl From Rio,Girl From Rio,2021-04-29,194,50
Shawn Mendes,43954494,"canadian pop, pop, viral pop",85,Summer of Love (Shawn Mendes & Tainy),Summer Of Love,2021-08-20,184,67
Oliver Tree,2506126,alternative hip hop,71,Life Goes On,"Ugly is Beautiful: Shorter, Thicker & Uglier (Deluxe)",2021-05-28,161,70
StarBoi3,48949,viral rap,50,Dick (feat. Doja Cat),Dick (feat. Doja Cat),2021-04-23,175,63
Kanye West,28455348,"chicago rap, hip hop, rap",93,Praise God,Donda,2021-08-29,226,71
Harry Styles,33256201,pop,85,As It Was,As It Was,2022-03-31,167,28
Taylor Swift,128480167,pop,100,Anti-Hero,Midnights,2022-10-21,200,81
Glass Animals,4358650,"gauze pop, indietronica, modern rock, pov: indie, shiver pop",77,Heat Waves,Dreamland (+ Bonus Levels),2020-08-06,238,31
Bad Bunny,87935792,"reggaeton, trap latino, urbano latino",96,Tití Me Preguntó,Un Verano Sin Ti,2022-05-06,243,78
Lil Nas X,12403081,lgbtq+ hip hop,76,INDUSTRY BABY (feat. Jack Harlow),INDUSTRY BABY (feat. Jack Harlow),2021-07-23,212,72
Sam Smith,24900100,"pop, uk pop",84,Unholy (feat. Kim Petras),Unholy (feat. Kim Petras),2022-09-22,156,76
Beyoncé,39231083,"pop, r&b",87,CUFF IT,RENAISSANCE,2022-07-29,225,73
Kate Bush,2239247,"art pop, art rock, baroque pop, new wave pop, permanent wave, piano rock, singer-songwriter",72,Running Up That Hill (A Deal With God) - 2018 Remaster,Hounds of Love (2018 Remaster),1985-09-16,300,5
Jack Harlow,4008304,"deep underground hip hop, hip hop, kentucky hip hop, pop rap, rap",82,First Class,First Class,2022-04-08,173,28
Harry Styles,33256201,pop,85,Late Night Talking,Harry's House,2022-05-20,177,76
Olivia Rodrigo,42203840,pop,88,traitor,SOUR,2021-05-21,229,83
Justin Bieber,79521536,"canadian pop, pop",92,Ghost,Justice,2021-03-19,153,83
Joji,9974051,viral pop,80,Glimpse of Us,Glimpse of Us,2022-06-10,233,72
Steve Lacy,5449255,afrofuturism,83,Bad Habit,Gemini Rights,2022-07-15,232,81
Zach Bryan,5730020,classic oklahoma country,90,Something in the Orange,Something in the Orange,2022-04-22,228,84
The Weeknd,96449542,"canadian contemporary r&b, canadian pop, pop",96,Is There Someone Else?,Dawn FM,2022-01-06,199,79
Bizarrap,17112051,"argentine hip hop, pop venezolano, trap argentino, trap latino, urbano latino",82,"Quevedo: Bzrp Music Sessions, Vol. 52","Quevedo: Bzrp Music Sessions, Vol. 52",2022-07-06,198,79
Anitta,12832548,"funk pop, funk rj, pagode baiano, pop, pop nacional",83,Envolver,Envolver,2021-11-11,193,67
Bad Bunny,87935792,"reggaeton, trap latino, urbano latino",96,Me Porto Bonito,Un Verano Sin Ti,2022-05-06,178,80
Kendrick Lamar,35387284,"conscious hip hop, hip hop, rap, west coast rap",97,N95,Mr. Morale & The Big Steppers,2022-05-13,195,30
Drake,94383636,"canadian hip hop, canadian pop, hip hop, pop rap, rap",96,Jimmy Cooks (feat. 21 Savage),"Honestly, Nevermind",2022-06-17,218,79
Lizzo,5709007,"escape room, minnesota hip hop, pop, trap queen",70,About Damn Time,About Damn Time,2022-04-14,191,45
Taylor Swift,128480167,pop,100,Lavender Haze,Midnights,2022-10-21,202,74
ROSALÍA,8403047,"pop, r&b en espanol",80,DESPECHÁ,DESPECHÁ,2022-07-28,157,70
GAYLE,644826,"alt z, modern alternative pop",63,abcdefu,abcdefu,2021-08-13,168,72
Elton John,14167109,"glam rock, mellow gold, piano rock, rock",86,Cold Heart - PNAU Remix,The Lockdown Sessions,2021-10-22,202,66
Ed Sheeran,117932971,"pop, singer-songwriter pop, uk pop",90,Shivers,=,2021-10-25,207,82
Charlie Puth,23739620,"pop, viral pop",81,Left and Right (Feat. Jung Kook of BTS),Left and Right (Feat. Jung Kook of BTS),2022-06-24,154,67
Jaymes Young,976518,indie poptimism,67,Infinity,Feel Something,2017-06-23,237,75
Lil Nas X,12403081,lgbtq+ hip hop,76,THATS WHAT I WANT,MONTERO,2021-09-17,143,73
Nicky Youre,283559,singer-songwriter pop,69,Sunroof,Sunroof,2021-11-26,163,15
OneRepublic,17744324,"piano rock, pop",84,I Ain't Worried,"I Ain’t Worried (Music From The Motion Picture ""Top Gun: Maverick"")",2022-05-13,148,79
Amaarae,466309,"afro r&b, afrobeats, alternative r&b, ghanaian alternative, ghanaian pop",68,SAD GIRLZ LUV MONEY Remix (feat. Kali Uchis and Moliy),SAD GIRLZ LUV MONEY Remix (feat. Kali Uchis and Moliy),2021-09-16,204,73
Becky G,15522003,"latin pop, latin viral pop, rap latina, reggaeton, trap latino, urbano latino",79,MAMIII,MAMIII,2022-02-10,226,68
Rauw Alejandro,25097926,"puerto rican pop, reggaeton, trap latino, urbano latino",94,Desesperados,VICE VERSA,2021-12-10,224,80
Nicki Minaj,32972377,"hip pop, pop, queens hip hop, rap",87,Super Freaky Girl,Super Freaky Girl,2022-08-12,170,67
The Weeknd,96449542,"canadian contemporary r&b, canadian pop, pop",96,Out of Time,Dawn FM,2022-01-06,214,73
Dove Cameron,5269082,pop,71,Boyfriend,Boyfriend,2022-02-11,153,70
BLACKPINK,52193850,"k-pop, k-pop girl group, pop",80,Pink Venom,Pink Venom,2022-08-19,186,62
SZA,25205028,"pop, r&b, rap",93,Shirt,Shirt,2022-10-28,181,64
Chris Brown,24494987,"r&b, rap",89,Under The Influence,Indigo (Extended),2019-10-04,184,83
Rosa Linn,415725,alt z,67,SNAP,SNAP PACK,2022-07-15,179,0
Camila Cabello,34256805,"dance pop, pop",82,Bam Bam (feat. Ed Sheeran),Familia,2022-04-07,206,68
Cris Mj,4638701,"mambo chileno, trap latino, urbano chileno, urbano latino",87,Una Noche en Medellín,Una Noche en Medellín,2022-01-21,153,5
KAROL G,52990619,"reggaeton, reggaeton colombiano, urbano latino",91,PROVENZA,PROVENZA,2022-04-22,210,71
Elley Duhé,606140,alt z,75,MIDDLE OF THE NIGHT,MIDDLE OF THE NIGHT,2020-01-10,184,74
Imagine Dragons,55668981,"modern rock, pop, rock",89,Enemy (with JID) - from the series Arcane League of Legends,Enemy (with JID) [from the series Arcane League of Legends],2021-10-28,173,76
Drake,94383636,"canadian hip hop, canadian pop, hip hop, pop rap, rap",96,Massive,"Honestly, Nevermind",2022-06-17,336,66
Beyoncé,39231083,"pop, r&b",87,BREAK MY SOUL,BREAK MY SOUL,2022-06-21,278,59
Post Malone,46064066,"dfw rap, melodic rap, pop, rap",90,I Like You (A Happier Song) (with Doja Cat),Twelve Carat Toothache,2022-06-03,192,75
Adele,61009632,"british soul, pop, pop soul, uk pop",87,Oh My God,30,2021-11-19,225,72
Carolina Gaitán,3500,,58,We Don't Talk About Bruno,Encanto (Original Motion Picture Soundtrack),2021-11-19,216,70
Labrinth,3391023,"indie poptimism, pop",78,All For Us,Imagination & the Misfit Kid,2019-11-21,191,72
Lost Frequencies,2952515,"belgian edm, edm, pop dance, tropical house",80,Where Are You Now,Where Are You Now,2021-07-30,148,74
Lil Nas X,12403081,lgbtq+ hip hop,76,STAR WALKIN' (League of Legends Worlds Anthem),STAR WALKIN' (League of Legends Worlds Anthem),2022-09-22,210,69
Olivia Rodrigo,42203840,pop,88,good 4 u,SOUR,2021-05-21,178,81
The Weeknd,96449542,"canadian contemporary r&b, canadian pop, pop",96,Sacrifice,Dawn FM,2022-01-06,188,68
Megan Thee Stallion,10021932,"houston rap, pop, rap, trap queen",83,Sweetest Pie,Sweetest Pie,2022-03-11,201,65
Bad Bunny,87935792,"reggaeton, trap latino, urbano latino",96,Ojitos Lindos,Un Verano Sin Ti,2022-05-06,258,80
Adele,61009632,"british soul, pop, pop soul, uk pop",87,Easy On Me,30,2021-11-19,224,82
Rihanna,64327916,"barbadian pop, pop, urban contemporary",92,Lift Me Up - From Black Panther: Wakanda Forever - Music From and Inspired By,Lift Me Up (From Black Panther: Wakanda Forever - Music From and Inspired By),2022-10-28,196,67
Taylor Swift,128480167,pop,100,Snow On The Beach (feat. Lana Del Rey),Midnights,2022-10-21,256,67
Post Malone,46064066,"dfw rap, melodic rap, pop, rap",90,One Right Now (with The Weeknd),One Right Now,2021-11-05,193,67
Central Cee,7136973,"melodic drill, r&drill",82,Doja,Doja,2022-07-21,97,76
Doja Cat,32188568,"dance pop, pop",87,Woman,Planet Her,2021-06-25,172,81
Shakira,35845719,"colombian pop, dance pop, latin pop, pop",88,Te Felicito,Te Felicito,2022-04-21,172,69
BLACKPINK,52193850,"k-pop, k-pop girl group, pop",80,Shut Down,BORN PINK,2022-09-16,175,64
Bad Bunny,87935792,"reggaeton, trap latino, urbano latino",96,Moscow Mule,Un Verano Sin Ti,2022-05-06,245,78
Manuel Turizo,14396807,"colombian pop, latin pop, reggaeton, reggaeton colombiano, trap latino, urbano latino",84,La Bachata,La Bachata,2022-05-26,162,76
The Weeknd,96449542,"canadian contemporary r&b, canadian pop, pop",96,Save Your Tears (Remix) (with Ariana Grande) - Bonus Track,After Hours (Deluxe),2020-03-20,191,78
The Kid LAROI,5944181,australian hip hop,85,STAY (with Justin Bieber),F*CK LOVE 3: OVER YOU,2021-07-23,141,16
Demi Lovato,26886058,"pop, post-teen pop",79,29,29,2022-08-17,163,51
Shawn Mendes,43954494,"canadian pop, pop, viral pop",85,When You're Gone,When You're Gone,2022-03-31,172,67
Ed Sheeran,117932971,"pop, singer-songwriter pop, uk pop",90,The Joker And The Queen (feat. Taylor Swift),The Joker And The Queen (feat. Taylor Swift),2022-02-11,185,61
Labrinth,3391023,"indie poptimism, pop",78,I’m Tired (with Zendaya) - Bonus Track,I’m Tired (with Zendaya) - Bonus Track,2022-02-28,187,59
Drake,94383636,"canadian hip hop, canadian pop, hip hop, pop rap, rap",96,Falling Back,"Honestly, Nevermind",2022-06-17,266,57
The Rare Occasions,500551,la indie,66,Notion,Notion,2021-12-02,195,78
Charlie Puth,23739620,"pop, viral pop",81,Light Switch,Light Switch,2022-01-20,185,23
Jack Harlow,4008304,"deep underground hip hop, hip hop, kentucky hip hop, pop rap, rap",82,Nail Tech,Nail Tech,2022-02-18,206,57
Future,19690475,"atl hip hop, hip hop, rap, southern hip hop, trap",93,WAIT FOR U (feat. Drake & Tems),I NEVER LIKED YOU,2022-04-29,189,81
Justin Bieber,79521536,"canadian pop, pop",92,Honest (feat. Don Toliver),Honest,2022-04-29,193,61
Lauren Spencer Smith,1543985,"alt z, gen z singer-songwriter, singer-songwriter pop",69,Fingers Crossed,Fingers Crossed,2022-01-05,175,0
Billie Eilish,104092602,"art pop, pop",96,TV,Guitar Songs,2022-07-21,281,82
Tate McRae,6400627,pop,86,she's all i wanna be,she's all i wanna be,2022-02-04,206,12
Omar Apollo,1065414,"bedroom pop, bedroom soul",70,Evergreen (You Didn’t Deserve Me At All),Ivory,2022-04-08,216,74
BTS,77196288,"k-pop, k-pop boy group, pop",87,Yet To Come,Proof,2022-06-10,193,66
Doja Cat,32188568,"dance pop, pop",87,Vegas (From the Original Motion Picture Soundtrack ELVIS),Vegas (From the Original Motion Picture Soundtrack ELVIS),2022-05-06,182,71
Kendrick Lamar,35387284,"conscious hip hop, hip hop, rap, west coast rap",97,The Heart Part 5,The Heart Part 5,2022-05-08,332,54
Beyoncé,39231083,"pop, r&b",87,ALIEN SUPERSTAR,RENAISSANCE,2022-07-29,215,65
Shawn Mendes,43954494,"canadian pop, pop, viral pop",85,It'll Be Okay,It'll Be Okay,2021-12-01,222,68
Demi Lovato,26886058,"pop, post-teen pop",79,SKIN OF MY TEETH,SKIN OF MY TEETH,2022-06-10,162,37
David Guetta,26575030,"big room, dance pop, edm, pop, pop dance",90,I'm Good (Blue),I'm Good (Blue),2022-08-26,175,84
Elton John,14167109,"glam rock, mellow gold, piano rock, rock",86,Hold Me Closer,Hold Me Closer,2022-08-26,202,69
Rema,6025235,"afrobeats, nigerian pop",78,Calm Down (with Selena Gomez),Calm Down (with Selena Gomez),2022-08-25,239,78
Stephen Sanchez,1644904,gen z singer-songwriter,76,Until I Found You,Until I Found You,2021-09-01,177,76
Taylor Swift,128480167,pop,100,Midnight Rain,Midnights,2022-10-21,174,74
Kendrick Lamar,35387284,"conscious hip hop, hip hop, rap, west coast rap",97,Die Hard,Mr. Morale & The Big Steppers,2022-05-13,239,72
Latto,1856108,trap queen,80,Big Energy,777,2022-03-25,172,60
Gunna,8563955,"atl hip hop, melodic rap, rap, trap",88,pushin P (feat. Young Thug),DS4EVER,2022-01-13,136,66
The Kid LAROI,5944181,australian hip hop,85,THOUSAND MILES,THOUSAND MILES,2022-04-22,164,65
Lady Gaga,33441022,"art pop, dance pop, pop",92,Die With A Smile,Die With A Smile,2024-08-16,251,99
Billie Eilish,104092602,"art pop, pop",96,BIRDS OF A FEATHER,HIT ME HARD AND SOFT,2024-05-17,210,96
Sabrina Carpenter,16556616,pop,94,Espresso,Espresso,2024-04-12,175,89
Harry Styles,33256201,pop,85,As It Was,As It Was,2022-03-31,167,28
ConKi,20998,,66,Life,Life,2024-04-08,130,67
Taylor Swift,128480167,pop,100,Cruel Summer,Lover,2019-08-23,178,88
Chappell Roan,4324245,indie pop,88,"Good Luck, Babe!","Good Luck, Babe!",2024-04-05,218,92
Hozier,8195970,"irish singer-songwriter, modern rock, pop, pov: indie",86,Too Sweet,Unreal Unearth: Unheard,2024-03-22,251,55
Miley Cyrus,25237801,pop,84,Flowers,Flowers,2023-01-13,200,29
ConKi,20998,,66,Oh My Love,Oh My Love,2024-09-12,164,64
Benson Boone,4145837,singer-songwriter pop,85,Beautiful Things,Beautiful Things,2024-01-18,180,85
The Kid LAROI,5944181,australian hip hop,85,STAY (with Justin Bieber),STAY (with Justin Bieber),2021-07-09,141,77
Shaboozey,876400,"modern country pop, pop rap",81,A Bar Song (Tipsy),A Bar Song (Tipsy),2024-04-12,171,86
ConKi,20998,,66,Ocean,Ocean,2022-02-10,155,56
Artemas,1045849,,80,i like the way you kiss me,i like the way you kiss me,2024-03-19,142,83
Sabrina Carpenter,16556616,pop,94,Please Please Please,Please Please Please,2024-06-06,186,86
OneRepublic,17744324,"piano rock, pop",84,I Ain't Worried,"I Ain’t Worried (Music From The Motion Picture ""Top Gun: Maverick"")",2022-05-13,148,79
Sam Smith,24900100,"pop, uk pop",84,Unholy (feat. Kim Petras),Unholy (feat. Kim Petras),2022-09-22,156,76
ConKi,20998,,66,Sleep,Sleep,2023-06-01,178,61
Olivia Rodrigo,42203840,pop,88,vampire,vampire,2023-06-30,219,22
Elton John,14167109,"glam rock, mellow gold, piano rock, rock",86,Cold Heart - PNAU Remix,Cold Heart (PNAU Remix),2021-08-13,202,78
Tate McRae,6400627,pop,86,greedy,greedy,2023-09-15,131,86
ConKi,20998,,66,I'll Be There,I'll Be There,2022-08-11,148,56
Doja Cat,32188568,"dance pop, pop",87,Paint The Town Red,Paint The Town Red,2023-08-04,231,78
Justin Bieber,79521536,"canadian pop, pop",92,Ghost,Justice,2021-03-19,153,67
Teddy Swims,3606592,,87,Lose Control,I've Tried Everything But Therapy (Part 1),2023-09-15,210,88
ConKi,20998,,66,Let It Go,Let It Go,2023-02-16,168,54
The Weeknd,96449542,"canadian contemporary r&b, canadian pop, pop",96,"One Of The Girls (with JENNIE, Lily Rose Depp)",The Highlights (Deluxe),2024-02-09,244,63
Post Malone,46064066,"dfw rap, melodic rap, pop, rap",90,I Had Some Help (Feat. Morgan Wallen),I Had Some Help,2024-05-10,178,83
David Kushner,2483118,"gen z singer-songwriter, singer-songwriter pop",77,Daylight,Daylight,2023-04-14,212,81
ConKi,20998,,66,Bubbly,Bubbly,2023-05-11,123,52
David Guetta,26575030,"big room, dance pop, edm, pop, pop dance",90,I'm Good (Blue),I'm Good (Blue),2022-08-26,175,84
Rema,6025235,"afrobeats, nigerian pop",78,Calm Down (with Selena Gomez),Calm Down (with Selena Gomez),2022-08-25,239,78
Joji,9974051,viral pop,80,Glimpse of Us,Glimpse of Us,2022-06-10,233,72
DVNY,628,,43,Roaring 20s,Roaring 20s,2024-09-26,181,54
Tyla,2293539,,79,Water,Water,2023-07-28,200,84
Chris Brown,24494987,"r&b, rap",89,Under The Influence,Indigo (Extended),2019-10-04,184,83
SZA,25205028,"pop, r&b, rap",93,Kill Bill,SOS,2022-12-08,153,86
MarchY,632,,44,Safe,Safe,2024-11-14,162,53
ROSÉ,8905940,k-pop,90,APT.,rosie,2024-12-06,169,83
Sabrina Carpenter,16556616,pop,94,Taste,Short n' Sweet,2024-08-23,157,92
Lost Frequencies,2952515,"belgian edm, edm, pop dance, tropical house",80,Where Are You Now,Where Are You Now,2021-07-30,148,74
Iaco,1668,"chill house, tropical house",53,Sun Comes Down,Sun Comes Down,2024-09-01,153,49
Myles Smith,853757,singer-songwriter pop,80,Stargazing,Stargazing,2024-05-10,172,87
Lil Nas X,12403081,lgbtq+ hip hop,76,INDUSTRY BABY (feat. Jack Harlow),MONTERO,2021-09-17,212,72
Noah Kahan,3683047,"pov: indie, singer-songwriter pop",86,Stick Season,Stick Season,2022-10-14,182,86
ConKi,20998,,66,Ghost,Ghost,2023-01-12,184,54
Eminem,94763643,"detroit hip hop, hip hop, rap",93,Houdini,The Death of Slim Shady (Coup De Grâce),2024-07-12,227,78
Taylor Swift,128480167,pop,100,Fortnight (feat. Post Malone),THE TORTURED POETS DEPARTMENT,2024-04-18,228,84
Zummer,736,,51,Rip,Rip,2024-08-08,125,52
Imagine Dragons,55668981,"modern rock, pop, rock",89,Bones,Bones,2022-03-11,165,74
Benson Boone,4145837,singer-songwriter pop,85,In The Stars,In The Stars,2022-04-29,216,74
ConKi,20998,,66,Take You There,Take You There,2022-05-13,148,13
Jack Harlow,4008304,"deep underground hip hop, hip hop, kentucky hip hop, pop rap, rap",82,Lovin On Me,Lovin On Me,2023-11-10,138,81
Dua Lipa,45222497,"dance pop, pop, uk pop",88,Houdini,Radical Optimism,2024-05-03,185,82
Sugar Jesus,3782,canadian electronic,48,Wherever You Are,Wherever You Are,2024-06-06,160,53
Meghan Trainor,15520920,"hip pop, pop",82,Made You Look,Takin' It Back,2022-10-21,134,78
Ariana Grande,102039011,pop,96,we can't be friends (wait for your love),eternal sunshine,2024-03-08,228,87
Madism,28791,"covertronica, tropical house",63,Chemicals,Chemicals,2024-08-23,186,57
Harry Styles,33256201,pop,85,Watermelon Sugar,Fine Line,2019-12-13,174,81
Glass Animals,4358650,"gauze pop, indietronica, modern rock, pov: indie, shiver pop",77,Heat Waves,Dreamland,2020-08-07,238,84
ConKi,20998,,66,We Can Talk Baby,We Can Talk Baby,2022-05-06,184,47
Tommy Richman,785395,chill abstract hip hop,78,MILLION DOLLAR BABY,MILLION DOLLAR BABY,2024-04-26,155,87
Elley Duhé,606140,alt z,75,MIDDLE OF THE NIGHT,MIDDLE OF THE NIGHT,2020-01-10,184,74
ConKi,20998,,66,Ain’t the One,Ain’t the One,2021-08-19,137,48
Ed Sheeran,117932971,"pop, singer-songwriter pop, uk pop",90,Perfect,÷ (Deluxe),2017-03-03,263,85
The Weeknd,96449542,"canadian contemporary r&b, canadian pop, pop",96,Starboy,Starboy,2016-11-25,230,87
DENNICK,1521,covertronica,39,A Better Day,A Better Day,2024-03-14,157,50
Mark Ambor,552582,singer-songwriter pop,77,Belong Together,Belong Together,2024-02-16,148,80
Adele,61009632,"british soul, pop, pop soul, uk pop",87,Easy On Me,Easy On Me,2021-10-14,224,77
ConKi,20998,,66,True Love,True Love,2022-01-13,165,51
Rosa Linn,415725,alt z,67,SNAP,SNAP,2022-03-19,179,43
Lizzo,5709007,"escape room, minnesota hip hop, pop, trap queen",70,About Damn Time,About Damn Time,2022-04-14,191,45
Zummer,736,,51,Same Heart,Same Heart,2024-10-03,152,54
CKay,1567541,"afro r&b, afrobeats",69,love nwantiti (ah ah ah),CKay The First,2019-08-30,145,74
Ed Sheeran,117932971,"pop, singer-songwriter pop, uk pop",90,Shape of You,÷ (Deluxe),2017-03-03,233,86
ConKi,20998,,66,90s Better,90s Better,2023-04-13,139,55
Imagine Dragons,55668981,"modern rock, pop, rock",89,Enemy (with JID) - from the series Arcane League of Legends,Enemy (with JID) [from the series Arcane League of Legends],2021-10-28,173,76
Justin Bieber,79521536,"canadian pop, pop",92,Peaches (feat. Daniel Caesar & Giveon),Justice,2021-03-19,198,77
Corena,734,,42,No Caller Id,No Caller Id,2024-06-27,164,50
Nicky Youre,283559,singer-songwriter pop,69,Sunroof,Sunroof,2021-12-03,163,10
Måneskin,9949764,"indie rock italiano, italian pop",80,Beggin',Chosen,2017-12-08,211,81
ConKi,20998,,66,Above the Clouds,Above the Clouds,2023-03-16,157,55
FIFTY FIFTY,1784259,k-pop girl group,68,Cupid - Twin Ver.,The Beginning: Cupid,2023-02-24,174,29
Taylor Swift,128480167,pop,100,Lover,Lover,2019-08-23,221,83
MarchY,632,,44,Love Is All Around,Love Is All Around,2022-07-21,171,47
Farruko,16229155,"reggaeton, trap latino, urbano latino",84,Pepas,Pepas,2021-06-24,287,75
Dua Lipa,45222497,"dance pop, pop, uk pop",88,Levitating (feat. DaBaby),Levitating (feat. DaBaby),2020-10-01,203,65
Sugar Jesus,3782,canadian electronic,48,All or Nothing,All or Nothing,2023-10-05,174,50
Gracie Abrams,3594564,alt z,91,That’s So True,The Secret of Us (Deluxe),2024-10-18,166,95
Ed Sheeran,117932971,"pop, singer-songwriter pop, uk pop",90,Bad Habits,Bad Habits,2021-06-25,231,6
K!llx,1571,,51,Behind the Moon,Behind the Moon,2022-07-14,164,48
Lil Nas X,12403081,lgbtq+ hip hop,76,MONTERO (Call Me By Your Name),MONTERO (Call Me By Your Name),2021-03-31,137,68
Alvin Anthony,663,,40,All I Want for Christmas,All I Want for Christmas,2022-12-01,178,47
Kygo,8516243,"edm, pop, pop dance, tropical house",82,Whatever,Whatever,2024-01-19,178,76
Sugar Jesus,3782,canadian electronic,48,Hello Shadow,Hello Shadow,2024-03-28,180,50
Jaymes Young,976518,indie poptimism,67,Infinity,Infinity (PRETTY YOUNG Remix),2021-12-10,237,46
Julian Cross,3595,,40,Paper Thin,Paper Thin,2024-08-09,154,46
Lil Nas X,12403081,lgbtq+ hip hop,76,INDUSTRY BABY (feat. Jack Harlow),INDUSTRY BABY (feat. Jack Harlow),2021-07-23,212,72
ConKi,20998,,66,Hunger,Hunger,2021-11-25,172,0
